ResourceSpeciesID,ConsumerSpeciesID,Type
1,7,Feeding
1,2,Feeding
1,3,Feeding
1,479,Feeding
1,83,Feeding
1,65,Feeding
1,288,Feeding
1,110,Feeding
2,480,Feeding
2,7,Feeding
2,14,Feeding
2,4,Feeding
2,52,Feeding
2,479,Feeding
2,288,Feeding
2,156,Feeding
2,8,Feeding
22,480,Feeding
22,6,Feeding
22,3,Feeding
22,481,Feeding
22,29,Feeding
22,58,Feeding
22,112,Feeding
22,152,Feeding
22,45,Feeding
22,11,Feeding
22,289,Feeding
22,113,Feeding
22,8,Feeding
22,7,Feeding
22,14,Feeding
22,20,Feeding
22,156,Feeding
22,349,Feeding
22,52,Feeding
22,9,Feeding
22,83,Feeding
22,65,Feeding
22,288,Feeding
22,482,Feeding
290,480,Feeding
290,6,Feeding
290,3,Feeding
290,481,Feeding
290,29,Feeding
290,58,Feeding
290,112,Feeding
290,152,Feeding
290,45,Feeding
290,11,Feeding
290,289,Feeding
290,113,Feeding
290,8,Feeding
290,7,Feeding
290,14,Feeding
290,20,Feeding
290,156,Feeding
290,349,Feeding
290,52,Feeding
290,9,Feeding
290,83,Feeding
290,65,Feeding
290,288,Feeding
290,482,Feeding
213,480,Feeding
213,6,Feeding
213,3,Feeding
213,481,Feeding
213,29,Feeding
213,58,Feeding
213,112,Feeding
213,152,Feeding
213,45,Feeding
213,11,Feeding
213,289,Feeding
213,113,Feeding
213,8,Feeding
213,7,Feeding
213,14,Feeding
213,20,Feeding
213,156,Feeding
213,349,Feeding
213,52,Feeding
213,9,Feeding
213,83,Feeding
213,65,Feeding
213,288,Feeding
213,482,Feeding
172,480,Feeding
172,6,Feeding
172,3,Feeding
172,481,Feeding
172,29,Feeding
172,58,Feeding
172,112,Feeding
172,152,Feeding
172,45,Feeding
172,11,Feeding
172,289,Feeding
172,113,Feeding
172,8,Feeding
172,7,Feeding
172,14,Feeding
172,20,Feeding
172,156,Feeding
172,349,Feeding
172,52,Feeding
172,9,Feeding
172,83,Feeding
172,65,Feeding
172,288,Feeding
172,482,Feeding
196,480,Feeding
196,6,Feeding
196,3,Feeding
196,481,Feeding
196,29,Feeding
196,58,Feeding
196,112,Feeding
196,152,Feeding
196,45,Feeding
196,11,Feeding
196,289,Feeding
196,113,Feeding
196,8,Feeding
196,7,Feeding
196,14,Feeding
196,20,Feeding
196,156,Feeding
196,349,Feeding
196,52,Feeding
196,9,Feeding
196,83,Feeding
196,65,Feeding
196,288,Feeding
196,482,Feeding
6,482,Feeding
6,288,Feeding
3,156,Feeding
3,14,Feeding
3,52,Feeding
3,482,Feeding
4,7,Feeding
4,52,Feeding
4,6,Feeding
481,52,Feeding
29,52,Feeding
29,349,Feeding
58,52,Feeding
58,349,Feeding
112,52,Feeding
112,349,Feeding
152,52,Feeding
152,349,Feeding
45,52,Feeding
45,349,Feeding
289,52,Feeding
289,349,Feeding
113,52,Feeding
113,349,Feeding
110,7,Feeding
110,14,Feeding
110,20,Feeding
110,3,Feeding
110,349,Feeding
110,52,Feeding
110,156,Feeding
8,14,Feeding
8,20,Feeding
8,349,Feeding
8,52,Feeding
8,156,Feeding
7,14,Feeding
7,20,Feeding
7,349,Feeding
7,52,Feeding
7,156,Feeding
14,20,Feeding
14,349,Feeding
14,52,Feeding
14,156,Feeding
20,7,Feeding
20,14,Feeding
20,3,Feeding
20,349,Feeding
20,52,Feeding
20,156,Feeding
156,52,Feeding
156,349,Feeding
349,52,Feeding
9,52,Feeding
9,156,Feeding
479,52,Feeding
83,7,Feeding
83,14,Feeding
83,3,Feeding
83,52,Feeding
83,65,Feeding
83,156,Feeding
65,52,Feeding
65,156,Feeding
288,482,Feeding
288,156,Feeding
482,156,Feeding
7,3,Feeding
14,3,Feeding
1,248,Feeding
248,52,Feeding
248,14,Feeding
248,6,Feeding
248,3,Feeding
10,52,Feeding
10,3,Feeding
213,10,Feeding
197,7,Feeding
197,14,Feeding
197,6,Feeding
197,3,Feeding
197,52,Feeding
197,9,Feeding
197,10,Feeding
197,83,Feeding
197,58,Feeding
197,20,Feeding
197,11,Feeding
350,7,Feeding
350,14,Feeding
350,6,Feeding
350,3,Feeding
350,52,Feeding
350,9,Feeding
350,10,Feeding
350,83,Feeding
350,58,Feeding
350,20,Feeding
350,11,Feeding
2,3,Feeding
2,20,Feeding
196,10,Feeding
1,483,Feeding
1,173,Feeding
1,283,Feeding
2,37,Feeding
2,483,Feeding
2,173,Feeding
2,283,Feeding
5,7,Feeding
5,14,Feeding
5,6,Feeding
5,3,Feeding
5,37,Feeding
5,52,Feeding
5,9,Feeding
5,10,Feeding
5,83,Feeding
5,65,Feeding
5,58,Feeding
5,483,Feeding
5,288,Feeding
5,20,Feeding
5,11,Feeding
5,289,Feeding
5,156,Feeding
5,8,Feeding
5,283,Feeding
291,7,Feeding
291,14,Feeding
291,6,Feeding
291,3,Feeding
291,37,Feeding
291,52,Feeding
291,9,Feeding
291,10,Feeding
291,83,Feeding
291,65,Feeding
291,58,Feeding
291,483,Feeding
291,288,Feeding
291,20,Feeding
291,11,Feeding
291,289,Feeding
291,156,Feeding
291,8,Feeding
291,283,Feeding
484,7,Feeding
484,14,Feeding
484,6,Feeding
484,3,Feeding
484,37,Feeding
484,52,Feeding
484,9,Feeding
484,10,Feeding
484,83,Feeding
484,65,Feeding
484,58,Feeding
484,483,Feeding
484,288,Feeding
484,20,Feeding
484,11,Feeding
484,289,Feeding
484,156,Feeding
484,8,Feeding
484,283,Feeding
292,7,Feeding
292,14,Feeding
292,6,Feeding
292,3,Feeding
292,37,Feeding
292,52,Feeding
292,9,Feeding
292,10,Feeding
292,83,Feeding
292,65,Feeding
292,58,Feeding
292,483,Feeding
292,288,Feeding
292,20,Feeding
292,11,Feeding
292,289,Feeding
292,156,Feeding
292,8,Feeding
292,283,Feeding
290,37,Feeding
290,10,Feeding
290,483,Feeding
290,283,Feeding
75,7,Feeding
75,14,Feeding
75,6,Feeding
75,3,Feeding
75,37,Feeding
75,52,Feeding
75,9,Feeding
75,10,Feeding
75,83,Feeding
75,65,Feeding
75,58,Feeding
75,483,Feeding
75,288,Feeding
75,20,Feeding
75,11,Feeding
75,289,Feeding
75,156,Feeding
75,8,Feeding
75,283,Feeding
350,37,Feeding
350,65,Feeding
350,483,Feeding
350,288,Feeding
350,289,Feeding
350,156,Feeding
350,8,Feeding
350,283,Feeding
138,7,Feeding
138,14,Feeding
138,6,Feeding
138,3,Feeding
138,37,Feeding
138,52,Feeding
138,9,Feeding
138,10,Feeding
138,83,Feeding
138,65,Feeding
138,58,Feeding
138,483,Feeding
138,288,Feeding
138,20,Feeding
138,11,Feeding
138,289,Feeding
138,156,Feeding
138,8,Feeding
138,283,Feeding
196,37,Feeding
196,483,Feeding
196,283,Feeding
351,7,Feeding
351,14,Feeding
351,6,Feeding
351,3,Feeding
351,37,Feeding
351,52,Feeding
351,9,Feeding
351,10,Feeding
351,83,Feeding
351,65,Feeding
351,58,Feeding
351,483,Feeding
351,288,Feeding
351,20,Feeding
351,11,Feeding
351,289,Feeding
351,156,Feeding
351,8,Feeding
351,283,Feeding
114,7,Feeding
114,14,Feeding
114,6,Feeding
114,3,Feeding
114,37,Feeding
114,52,Feeding
114,9,Feeding
114,10,Feeding
114,83,Feeding
114,65,Feeding
114,58,Feeding
114,483,Feeding
114,288,Feeding
114,20,Feeding
114,11,Feeding
114,289,Feeding
114,156,Feeding
114,8,Feeding
114,283,Feeding
485,7,Feeding
485,14,Feeding
485,6,Feeding
485,3,Feeding
485,37,Feeding
485,52,Feeding
485,9,Feeding
485,10,Feeding
485,83,Feeding
485,65,Feeding
485,58,Feeding
485,483,Feeding
485,288,Feeding
485,20,Feeding
485,11,Feeding
485,289,Feeding
485,156,Feeding
485,8,Feeding
485,283,Feeding
198,7,Feeding
198,14,Feeding
198,6,Feeding
198,3,Feeding
198,37,Feeding
198,52,Feeding
198,9,Feeding
198,10,Feeding
198,83,Feeding
198,65,Feeding
198,58,Feeding
198,483,Feeding
198,288,Feeding
198,20,Feeding
198,11,Feeding
198,289,Feeding
198,156,Feeding
198,8,Feeding
198,283,Feeding
171,7,Feeding
171,14,Feeding
171,6,Feeding
171,3,Feeding
171,37,Feeding
171,52,Feeding
171,9,Feeding
171,10,Feeding
171,83,Feeding
171,65,Feeding
171,58,Feeding
171,483,Feeding
171,288,Feeding
171,20,Feeding
171,11,Feeding
171,289,Feeding
171,156,Feeding
171,8,Feeding
171,283,Feeding
6,483,Feeding
3,37,Feeding
4,3,Feeding
11,52,Feeding
173,52,Feeding
8,7,Feeding
8,37,Feeding
283,7,Feeding
283,14,Feeding
283,20,Feeding
283,3,Feeding
283,37,Feeding
283,52,Feeding
7,37,Feeding
14,37,Feeding
20,37,Feeding
37,52,Feeding
37,156,Feeding
9,37,Feeding
83,37,Feeding
65,37,Feeding
288,37,Feeding
1,246,Feeding
1,486,Feeding
2,9,Feeding
2,487,Feeding
290,488,Feeding
290,486,Feeding
290,246,Feeding
290,293,Feeding
290,487,Feeding
213,488,Feeding
213,486,Feeding
213,246,Feeding
213,293,Feeding
213,487,Feeding
196,488,Feeding
196,486,Feeding
196,246,Feeding
196,293,Feeding
196,487,Feeding
489,7,Feeding
489,488,Feeding
489,6,Feeding
489,3,Feeding
489,52,Feeding
489,9,Feeding
489,486,Feeding
489,83,Feeding
489,29,Feeding
489,58,Feeding
489,246,Feeding
489,65,Feeding
489,293,Feeding
489,112,Feeding
489,11,Feeding
489,487,Feeding
489,113,Feeding
351,488,Feeding
351,486,Feeding
351,29,Feeding
351,246,Feeding
351,293,Feeding
351,112,Feeding
351,487,Feeding
351,113,Feeding
171,488,Feeding
171,486,Feeding
171,29,Feeding
171,246,Feeding
171,293,Feeding
171,112,Feeding
171,487,Feeding
171,113,Feeding
6,487,Feeding
3,487,Feeding
4,488,Feeding
4,487,Feeding
293,52,Feeding
112,293,Feeding
173,293,Feeding
173,3,Feeding
173,487,Feeding
7,487,Feeding
52,487,Feeding
9,487,Feeding
83,487,Feeding
65,3,Feeding
65,487,Feeding
246,52,Feeding
246,487,Feeding
487,52,Feeding
173,900,ES
485,900,ES
288,900,ES
283,900,ES
171,900,ES
3,900,ES
487,1300,ES
29,1000,ES
37,1000,ES
45,1000,ES
52,1000,ES
58,1000,ES
112,1000,ES
152,1000,ES
156,1000,ES
